time_date,odds,time,date,month,day,year,date_time
08:03 06 Fe Tu,1.54,08:03,6,2,Tu,2024,2024-02-06 08:03:00
08:03 06 Fe Tu,1.29,08:03,6,2,Tu,2024,2024-02-06 08:03:00
08:03 06 Fe Tu,1.28,08:03,6,2,Tu,2024,2024-02-06 08:03:00
08:03 06 Fe Tu,149.47,08:03,6,2,Tu,2024,2024-02-06 08:03:00
08:03 06 Fe Tu,1.37,08:03,6,2,Tu,2024,2024-02-06 08:03:00
08:03 06 Fe Tu,1.02,08:03,6,2,Tu,2024,2024-02-06 08:03:00
08:03 06 Fe Tu,1.07,08:03,6,2,Tu,2024,2024-02-06 08:03:00
08:03 06 Fe Tu,1.8,08:03,6,2,Tu,2024,2024-02-06 08:03:00
08:03 06 Fe Tu,176.5,08:03,6,2,Tu,2024,2024-02-06 08:03:00
08:03 06 Fe Tu,1.02,08:03,6,2,Tu,2024,2024-02-06 08:03:00
08:03 06 Fe Tu,2.41,08:03,6,2,Tu,2024,2024-02-06 08:03:00
08:03 06 Fe Tu,3.73,08:03,6,2,Tu,2024,2024-02-06 08:03:00
08:03 06 Fe Tu,3.82,08:03,6,2,Tu,2024,2024-02-06 08:03:00
08:03 06 Fe Tu,1.62,08:03,6,2,Tu,2024,2024-02-06 08:03:00
08:03 06 Fe Tu,2.4,08:03,6,2,Tu,2024,2024-02-06 08:03:00
08:03 06 Fe Tu,1.74,08:03,6,2,Tu,2024,2024-02-06 08:03:00
08:03 06 Fe Tu,2.67,08:03,6,2,Tu,2024,2024-02-06 08:03:00
08:03 06 Fe Tu,1.04,08:03,6,2,Tu,2024,2024-02-06 08:03:00
08:03 06 Fe Tu,6.76,08:03,6,2,Tu,2024,2024-02-06 08:03:00
08:03 06 Fe Tu,1.25,08:03,6,2,Tu,2024,2024-02-06 08:03:00
08:03 06 Fe Tu,1.14,08:03,6,2,Tu,2024,2024-02-06 08:03:00
08:15 06 Fe Tu,9.82,08:15,6,2,Tu,2024,2024-02-06 08:15:00
08:15 06 Fe Tu,1.53,08:15,6,2,Tu,2024,2024-02-06 08:15:00
08:15 06 Fe Tu,1.5,08:15,6,2,Tu,2024,2024-02-06 08:15:00
08:15 06 Fe Tu,1.74,08:15,6,2,Tu,2024,2024-02-06 08:15:00
08:15 06 Fe Tu,1.05,08:15,6,2,Tu,2024,2024-02-06 08:15:00
08:15 06 Fe Tu,1.06,08:15,6,2,Tu,2024,2024-02-06 08:15:00
08:15 06 Fe Tu,1.13,08:15,6,2,Tu,2024,2024-02-06 08:15:00
08:15 06 Fe Tu,1.74,08:15,6,2,Tu,2024,2024-02-06 08:15:00
08:15 06 Fe Tu,4.57,08:15,6,2,Tu,2024,2024-02-06 08:15:00
08:15 06 Fe Tu,1.18,08:15,6,2,Tu,2024,2024-02-06 08:15:00
08:15 06 Fe Tu,1.02,08:15,6,2,Tu,2024,2024-02-06 08:15:00
08:15 06 Fe Tu,2.57,08:15,6,2,Tu,2024,2024-02-06 08:15:00
08:15 06 Fe Tu,2.63,08:15,6,2,Tu,2024,2024-02-06 08:15:00
08:15 06 Fe Tu,1.35,08:15,6,2,Tu,2024,2024-02-06 08:15:00
08:15 06 Fe Tu,3.1,08:15,6,2,Tu,2024,2024-02-06 08:15:00
08:15 06 Fe Tu,2.96,08:15,6,2,Tu,2024,2024-02-06 08:15:00
08:15 06 Fe Tu,3.99,08:15,6,2,Tu,2024,2024-02-06 08:15:00
08:15 06 Fe Tu,1.19,08:15,6,2,Tu,2024,2024-02-06 08:15:00
08:15 06 Fe Tu,2.35,08:15,6,2,Tu,2024,2024-02-06 08:15:00
08:15 06 Fe Tu,2.15,08:15,6,2,Tu,2024,2024-02-06 08:15:00
08:31 06 Fe Tu,2.23,08:31,6,2,Tu,2024,2024-02-06 08:31:00
08:31 06 Fe Tu,1.76,08:31,6,2,Tu,2024,2024-02-06 08:31:00
08:31 06 Fe Tu,1.52,08:31,6,2,Tu,2024,2024-02-06 08:31:00
08:31 06 Fe Tu,1.13,08:31,6,2,Tu,2024,2024-02-06 08:31:00
08:31 06 Fe Tu,1.94,08:31,6,2,Tu,2024,2024-02-06 08:31:00
08:31 06 Fe Tu,1.24,08:31,6,2,Tu,2024,2024-02-06 08:31:00
08:31 06 Fe Tu,1.8,08:31,6,2,Tu,2024,2024-02-06 08:31:00
08:31 06 Fe Tu,1.17,08:31,6,2,Tu,2024,2024-02-06 08:31:00
08:31 06 Fe Tu,1.28,08:31,6,2,Tu,2024,2024-02-06 08:31:00
08:31 06 Fe Tu,1.0,08:31,6,2,Tu,2024,2024-02-06 08:31:00
08:31 06 Fe Tu,1.07,08:31,6,2,Tu,2024,2024-02-06 08:31:00
08:31 06 Fe Tu,2.18,08:31,6,2,Tu,2024,2024-02-06 08:31:00
08:31 06 Fe Tu,2.18,08:31,6,2,Tu,2024,2024-02-06 08:31:00
08:31 06 Fe Tu,2.07,08:31,6,2,Tu,2024,2024-02-06 08:31:00
08:31 06 Fe Tu,1.49,08:31,6,2,Tu,2024,2024-02-06 08:31:00
08:31 06 Fe Tu,2.09,08:31,6,2,Tu,2024,2024-02-06 08:31:00
08:31 06 Fe Tu,2.39,08:31,6,2,Tu,2024,2024-02-06 08:31:00
08:31 06 Fe Tu,1.91,08:31,6,2,Tu,2024,2024-02-06 08:31:00
08:31 06 Fe Tu,2.12,08:31,6,2,Tu,2024,2024-02-06 08:31:00
08:31 06 Fe Tu,1.46,08:31,6,2,Tu,2024,2024-02-06 08:31:00
08:48 06 Fe Tu,8.3,08:48,6,2,Tu,2024,2024-02-06 08:48:00
08:48 06 Fe Tu,1.75,08:48,6,2,Tu,2024,2024-02-06 08:48:00
08:48 06 Fe Tu,5.19,08:48,6,2,Tu,2024,2024-02-06 08:48:00
08:48 06 Fe Tu,1.12,08:48,6,2,Tu,2024,2024-02-06 08:48:00
08:48 06 Fe Tu,1.77,08:48,6,2,Tu,2024,2024-02-06 08:48:00
08:48 06 Fe Tu,1.73,08:48,6,2,Tu,2024,2024-02-06 08:48:00
08:48 06 Fe Tu,1.57,08:48,6,2,Tu,2024,2024-02-06 08:48:00
08:48 06 Fe Tu,24.03,08:48,6,2,Tu,2024,2024-02-06 08:48:00
08:48 06 Fe Tu,2.85,08:48,6,2,Tu,2024,2024-02-06 08:48:00
08:48 06 Fe Tu,1.01,08:48,6,2,Tu,2024,2024-02-06 08:48:00
08:48 06 Fe Tu,8.58,08:48,6,2,Tu,2024,2024-02-06 08:48:00
08:48 06 Fe Tu,2.55,08:48,6,2,Tu,2024,2024-02-06 08:48:00
08:48 06 Fe Tu,9.03,08:48,6,2,Tu,2024,2024-02-06 08:48:00
08:48 06 Fe Tu,1.91,08:48,6,2,Tu,2024,2024-02-06 08:48:00
08:48 06 Fe Tu,1.57,08:48,6,2,Tu,2024,2024-02-06 08:48:00
08:48 06 Fe Tu,2.23,08:48,6,2,Tu,2024,2024-02-06 08:48:00
08:48 06 Fe Tu,1.13,08:48,6,2,Tu,2024,2024-02-06 08:48:00
08:48 06 Fe Tu,2.55,08:48,6,2,Tu,2024,2024-02-06 08:48:00
08:48 06 Fe Tu,1.1,08:48,6,2,Tu,2024,2024-02-06 08:48:00
08:48 06 Fe Tu,1.74,08:48,6,2,Tu,2024,2024-02-06 08:48:00
08:48 06 Fe Tu,3.4,08:48,6,2,Tu,2024,2024-02-06 08:48:00
08:48 06 Fe Tu,22.49,08:48,6,2,Tu,2024,2024-02-06 08:48:00
08:48 06 Fe Tu,23.85,08:48,6,2,Tu,2024,2024-02-06 08:48:00
08:55 06 Fe Tu,2.8,08:55,6,2,Tu,2024,2024-02-06 08:55:00
08:55 06 Fe Tu,14.38,08:55,6,2,Tu,2024,2024-02-06 08:55:00
08:55 06 Fe Tu,4.37,08:55,6,2,Tu,2024,2024-02-06 08:55:00
08:55 06 Fe Tu,2.62,08:55,6,2,Tu,2024,2024-02-06 08:55:00
08:55 06 Fe Tu,12.8,08:55,6,2,Tu,2024,2024-02-06 08:55:00
08:55 06 Fe Tu,3.4,08:55,6,2,Tu,2024,2024-02-06 08:55:00
08:55 06 Fe Tu,11.7,08:55,6,2,Tu,2024,2024-02-06 08:55:00
08:55 06 Fe Tu,1.41,08:55,6,2,Tu,2024,2024-02-06 08:55:00
08:55 06 Fe Tu,1.2,08:55,6,2,Tu,2024,2024-02-06 08:55:00
08:55 06 Fe Tu,1.35,08:55,6,2,Tu,2024,2024-02-06 08:55:00
08:55 06 Fe Tu,2.59,08:55,6,2,Tu,2024,2024-02-06 08:55:00
08:55 06 Fe Tu,1.94,08:55,6,2,Tu,2024,2024-02-06 08:55:00
08:55 06 Fe Tu,1.24,08:55,6,2,Tu,2024,2024-02-06 08:55:00
08:55 06 Fe Tu,1.65,08:55,6,2,Tu,2024,2024-02-06 08:55:00
08:55 06 Fe Tu,13.65,08:55,6,2,Tu,2024,2024-02-06 08:55:00
08:55 06 Fe Tu,1.29,08:55,6,2,Tu,2024,2024-02-06 08:55:00
08:55 06 Fe Tu,1.26,08:55,6,2,Tu,2024,2024-02-06 08:55:00
08:55 06 Fe Tu,6.7,08:55,6,2,Tu,2024,2024-02-06 08:55:00
09:03 06 Fe Tu,5.1,09:03,6,2,Tu,2024,2024-02-06 09:03:00
09:03 06 Fe Tu,4.47,09:03,6,2,Tu,2024,2024-02-06 09:03:00
09:03 06 Fe Tu,1.21,09:03,6,2,Tu,2024,2024-02-06 09:03:00
09:03 06 Fe Tu,1.3,09:03,6,2,Tu,2024,2024-02-06 09:03:00
09:03 06 Fe Tu,1.25,09:03,6,2,Tu,2024,2024-02-06 09:03:00
09:03 06 Fe Tu,3.78,09:03,6,2,Tu,2024,2024-02-06 09:03:00
09:03 06 Fe Tu,1.17,09:03,6,2,Tu,2024,2024-02-06 09:03:00
09:03 06 Fe Tu,1.17,09:03,6,2,Tu,2024,2024-02-06 09:03:00
09:03 06 Fe Tu,2.29,09:03,6,2,Tu,2024,2024-02-06 09:03:00
09:03 06 Fe Tu,1.86,09:03,6,2,Tu,2024,2024-02-06 09:03:00
09:03 06 Fe Tu,2.47,09:03,6,2,Tu,2024,2024-02-06 09:03:00
09:03 06 Fe Tu,5.57,09:03,6,2,Tu,2024,2024-02-06 09:03:00
09:03 06 Fe Tu,1.02,09:03,6,2,Tu,2024,2024-02-06 09:03:00
09:03 06 Fe Tu,2.4,09:03,6,2,Tu,2024,2024-02-06 09:03:00
09:03 06 Fe Tu,1.6,09:03,6,2,Tu,2024,2024-02-06 09:03:00
09:03 06 Fe Tu,4.23,09:03,6,2,Tu,2024,2024-02-06 09:03:00
09:03 06 Fe Tu,2.89,09:03,6,2,Tu,2024,2024-02-06 09:03:00
09:03 06 Fe Tu,4.21,09:03,6,2,Tu,2024,2024-02-06 09:03:00
09:19 06 Fe Tu,13.76,09:19,6,2,Tu,2024,2024-02-06 09:19:00
09:19 06 Fe Tu,8.12,09:19,6,2,Tu,2024,2024-02-06 09:19:00
09:19 06 Fe Tu,4.51,09:19,6,2,Tu,2024,2024-02-06 09:19:00
09:19 06 Fe Tu,1.07,09:19,6,2,Tu,2024,2024-02-06 09:19:00
09:19 06 Fe Tu,4.42,09:19,6,2,Tu,2024,2024-02-06 09:19:00
09:19 06 Fe Tu,2.45,09:19,6,2,Tu,2024,2024-02-06 09:19:00
09:19 06 Fe Tu,1.22,09:19,6,2,Tu,2024,2024-02-06 09:19:00
09:19 06 Fe Tu,1.01,09:19,6,2,Tu,2024,2024-02-06 09:19:00
09:19 06 Fe Tu,2.9,09:19,6,2,Tu,2024,2024-02-06 09:19:00
09:19 06 Fe Tu,1.8,09:19,6,2,Tu,2024,2024-02-06 09:19:00
09:19 06 Fe Tu,9.61,09:19,6,2,Tu,2024,2024-02-06 09:19:00
09:19 06 Fe Tu,16.94,09:19,6,2,Tu,2024,2024-02-06 09:19:00
09:19 06 Fe Tu,1.27,09:19,6,2,Tu,2024,2024-02-06 09:19:00
09:19 06 Fe Tu,2.21,09:19,6,2,Tu,2024,2024-02-06 09:19:00
09:19 06 Fe Tu,13.8,09:19,6,2,Tu,2024,2024-02-06 09:19:00
09:19 06 Fe Tu,1.56,09:19,6,2,Tu,2024,2024-02-06 09:19:00
09:19 06 Fe Tu,2.05,09:19,6,2,Tu,2024,2024-02-06 09:19:00
09:19 06 Fe Tu,137.08,09:19,6,2,Tu,2024,2024-02-06 09:19:00
09:19 06 Fe Tu,1.26,09:19,6,2,Tu,2024,2024-02-06 09:19:00
09:19 06 Fe Tu,1.24,09:19,6,2,Tu,2024,2024-02-06 09:19:00
09:19 06 Fe Tu,1.34,09:19,6,2,Tu,2024,2024-02-06 09:19:00
09:19 06 Fe Tu,1.36,09:19,6,2,Tu,2024,2024-02-06 09:19:00
09:19 06 Fe Tu,1.45,09:19,6,2,Tu,2024,2024-02-06 09:19:00
09:19 06 Fe Tu,1.74,09:19,6,2,Tu,2024,2024-02-06 09:19:00
09:19 06 Fe Tu,2.24,09:19,6,2,Tu,2024,2024-02-06 09:19:00
09:19 06 Fe Tu,39.57,09:19,6,2,Tu,2024,2024-02-06 09:19:00
09:19 06 Fe Tu,1.0,09:19,6,2,Tu,2024,2024-02-06 09:19:00
09:23 06 Fe Tu,1.55,09:23,6,2,Tu,2024,2024-02-06 09:23:00
09:23 06 Fe Tu,2.28,09:23,6,2,Tu,2024,2024-02-06 09:23:00
09:23 06 Fe Tu,1.48,09:23,6,2,Tu,2024,2024-02-06 09:23:00
09:23 06 Fe Tu,8.09,09:23,6,2,Tu,2024,2024-02-06 09:23:00
09:23 06 Fe Tu,1.85,09:23,6,2,Tu,2024,2024-02-06 09:23:00
09:23 06 Fe Tu,1.12,09:23,6,2,Tu,2024,2024-02-06 09:23:00
09:23 06 Fe Tu,1.01,09:23,6,2,Tu,2024,2024-02-06 09:23:00
09:23 06 Fe Tu,36.91,09:23,6,2,Tu,2024,2024-02-06 09:23:00
09:23 06 Fe Tu,10.76,09:23,6,2,Tu,2024,2024-02-06 09:23:00
09:27 06 Fe Tu,1.08,09:27,6,2,Tu,2024,2024-02-06 09:27:00
09:27 06 Fe Tu,1.99,09:27,6,2,Tu,2024,2024-02-06 09:27:00
09:27 06 Fe Tu,1.34,09:27,6,2,Tu,2024,2024-02-06 09:27:00
09:27 06 Fe Tu,4.03,09:27,6,2,Tu,2024,2024-02-06 09:27:00
09:27 06 Fe Tu,2.41,09:27,6,2,Tu,2024,2024-02-06 09:27:00
09:27 06 Fe Tu,1.3,09:27,6,2,Tu,2024,2024-02-06 09:27:00
09:27 06 Fe Tu,4.01,09:27,6,2,Tu,2024,2024-02-06 09:27:00
09:27 06 Fe Tu,1.61,09:27,6,2,Tu,2024,2024-02-06 09:27:00
09:27 06 Fe Tu,5.63,09:27,6,2,Tu,2024,2024-02-06 09:27:00
09:27 06 Fe Tu,1.43,09:27,6,2,Tu,2024,2024-02-06 09:27:00
09:37 06 Fe Tu,28.82,09:37,6,2,Tu,2024,2024-02-06 09:37:00
09:37 06 Fe Tu,1.21,09:37,6,2,Tu,2024,2024-02-06 09:37:00
09:37 06 Fe Tu,70.73,09:37,6,2,Tu,2024,2024-02-06 09:37:00
09:37 06 Fe Tu,18.94,09:37,6,2,Tu,2024,2024-02-06 09:37:00
09:37 06 Fe Tu,3.75,09:37,6,2,Tu,2024,2024-02-06 09:37:00
09:37 06 Fe Tu,1.19,09:37,6,2,Tu,2024,2024-02-06 09:37:00
09:37 06 Fe Tu,1.12,09:37,6,2,Tu,2024,2024-02-06 09:37:00
09:37 06 Fe Tu,2.76,09:37,6,2,Tu,2024,2024-02-06 09:37:00
09:37 06 Fe Tu,3.28,09:37,6,2,Tu,2024,2024-02-06 09:37:00
09:37 06 Fe Tu,1.21,09:37,6,2,Tu,2024,2024-02-06 09:37:00
09:37 06 Fe Tu,25.55,09:37,6,2,Tu,2024,2024-02-06 09:37:00
09:37 06 Fe Tu,1.52,09:37,6,2,Tu,2024,2024-02-06 09:37:00
09:37 06 Fe Tu,1.87,09:37,6,2,Tu,2024,2024-02-06 09:37:00
09:37 06 Fe Tu,3.64,09:37,6,2,Tu,2024,2024-02-06 09:37:00
09:37 06 Fe Tu,5.05,09:37,6,2,Tu,2024,2024-02-06 09:37:00
09:37 06 Fe Tu,2.52,09:37,6,2,Tu,2024,2024-02-06 09:37:00
09:37 06 Fe Tu,1.3,09:37,6,2,Tu,2024,2024-02-06 09:37:00
09:37 06 Fe Tu,1.84,09:37,6,2,Tu,2024,2024-02-06 09:37:00
09:37 06 Fe Tu,2.38,09:37,6,2,Tu,2024,2024-02-06 09:37:00
10:56 06 Fe Tu,1.4,10:56,6,2,Tu,2024,2024-02-06 10:56:00
10:56 06 Fe Tu,5.17,10:56,6,2,Tu,2024,2024-02-06 10:56:00
10:56 06 Fe Tu,116.76,10:56,6,2,Tu,2024,2024-02-06 10:56:00
10:56 06 Fe Tu,1.26,10:56,6,2,Tu,2024,2024-02-06 10:56:00
10:56 06 Fe Tu,1.78,10:56,6,2,Tu,2024,2024-02-06 10:56:00
10:56 06 Fe Tu,1.0,10:56,6,2,Tu,2024,2024-02-06 10:56:00
10:56 06 Fe Tu,1.66,10:56,6,2,Tu,2024,2024-02-06 10:56:00
10:56 06 Fe Tu,3.85,10:56,6,2,Tu,2024,2024-02-06 10:56:00
10:56 06 Fe Tu,1.75,10:56,6,2,Tu,2024,2024-02-06 10:56:00
10:56 06 Fe Tu,5.22,10:56,6,2,Tu,2024,2024-02-06 10:56:00
10:56 06 Fe Tu,1.6,10:56,6,2,Tu,2024,2024-02-06 10:56:00
10:56 06 Fe Tu,1.25,10:56,6,2,Tu,2024,2024-02-06 10:56:00
10:56 06 Fe Tu,1.83,10:56,6,2,Tu,2024,2024-02-06 10:56:00
10:56 06 Fe Tu,1.1,10:56,6,2,Tu,2024,2024-02-06 10:56:00
10:56 06 Fe Tu,1.52,10:56,6,2,Tu,2024,2024-02-06 10:56:00
10:56 06 Fe Tu,3.36,10:56,6,2,Tu,2024,2024-02-06 10:56:00
10:56 06 Fe Tu,86.72,10:56,6,2,Tu,2024,2024-02-06 10:56:00
10:56 06 Fe Tu,1.0,10:56,6,2,Tu,2024,2024-02-06 10:56:00
10:56 06 Fe Tu,2.32,10:56,6,2,Tu,2024,2024-02-06 10:56:00
10:56 06 Fe Tu,1.22,10:56,6,2,Tu,2024,2024-02-06 10:56:00
10:56 06 Fe Tu,1.22,10:56,6,2,Tu,2024,2024-02-06 10:56:00
10:56 06 Fe Tu,4.16,10:56,6,2,Tu,2024,2024-02-06 10:56:00
10:56 06 Fe Tu,1.0,10:56,6,2,Tu,2024,2024-02-06 10:56:00
11:01 06 Fe Tu,1.02,11:01,6,2,Tu,2024,2024-02-06 11:01:00
11:01 06 Fe Tu,3.26,11:01,6,2,Tu,2024,2024-02-06 11:01:00
11:01 06 Fe Tu,1.72,11:01,6,2,Tu,2024,2024-02-06 11:01:00
11:01 06 Fe Tu,1.1,11:01,6,2,Tu,2024,2024-02-06 11:01:00
11:01 06 Fe Tu,7.1,11:01,6,2,Tu,2024,2024-02-06 11:01:00
11:01 06 Fe Tu,1.92,11:01,6,2,Tu,2024,2024-02-06 11:01:00
11:01 06 Fe Tu,7.77,11:01,6,2,Tu,2024,2024-02-06 11:01:00
11:01 06 Fe Tu,1.56,11:01,6,2,Tu,2024,2024-02-06 11:01:00
11:01 06 Fe Tu,2.85,11:01,6,2,Tu,2024,2024-02-06 11:01:00
11:01 06 Fe Tu,1.42,11:01,6,2,Tu,2024,2024-02-06 11:01:00
11:01 06 Fe Tu,1.09,11:01,6,2,Tu,2024,2024-02-06 11:01:00
11:06 06 Fe Tu,2.88,11:06,6,2,Tu,2024,2024-02-06 11:06:00
11:06 06 Fe Tu,8.97,11:06,6,2,Tu,2024,2024-02-06 11:06:00
11:06 06 Fe Tu,1.32,11:06,6,2,Tu,2024,2024-02-06 11:06:00
11:06 06 Fe Tu,1.35,11:06,6,2,Tu,2024,2024-02-06 11:06:00
11:06 06 Fe Tu,2.42,11:06,6,2,Tu,2024,2024-02-06 11:06:00
11:06 06 Fe Tu,1.4,11:06,6,2,Tu,2024,2024-02-06 11:06:00
11:06 06 Fe Tu,3.33,11:06,6,2,Tu,2024,2024-02-06 11:06:00
11:06 06 Fe Tu,1.55,11:06,6,2,Tu,2024,2024-02-06 11:06:00
11:06 06 Fe Tu,1.01,11:06,6,2,Tu,2024,2024-02-06 11:06:00
11:06 06 Fe Tu,7.68,11:06,6,2,Tu,2024,2024-02-06 11:06:00
11:06 06 Fe Tu,1.0,11:06,6,2,Tu,2024,2024-02-06 11:06:00
11:06 06 Fe Tu,1.31,11:06,6,2,Tu,2024,2024-02-06 11:06:00
11:06 06 Fe Tu,4.92,11:06,6,2,Tu,2024,2024-02-06 11:06:00
11:48 06 Fe Tu,2.8,11:48,6,2,Tu,2024,2024-02-06 11:48:00
11:48 06 Fe Tu,10.22,11:48,6,2,Tu,2024,2024-02-06 11:48:00
11:48 06 Fe Tu,2.19,11:48,6,2,Tu,2024,2024-02-06 11:48:00
11:48 06 Fe Tu,1.18,11:48,6,2,Tu,2024,2024-02-06 11:48:00
11:48 06 Fe Tu,4.03,11:48,6,2,Tu,2024,2024-02-06 11:48:00
11:48 06 Fe Tu,1.4,11:48,6,2,Tu,2024,2024-02-06 11:48:00
11:48 06 Fe Tu,67.47,11:48,6,2,Tu,2024,2024-02-06 11:48:00
11:48 06 Fe Tu,3.9,11:48,6,2,Tu,2024,2024-02-06 11:48:00
11:48 06 Fe Tu,13.36,11:48,6,2,Tu,2024,2024-02-06 11:48:00
11:48 06 Fe Tu,1.24,11:48,6,2,Tu,2024,2024-02-06 11:48:00
11:48 06 Fe Tu,3.07,11:48,6,2,Tu,2024,2024-02-06 11:48:00
11:48 06 Fe Tu,1.0,11:48,6,2,Tu,2024,2024-02-06 11:48:00
11:48 06 Fe Tu,70.63,11:48,6,2,Tu,2024,2024-02-06 11:48:00
11:48 06 Fe Tu,1.18,11:48,6,2,Tu,2024,2024-02-06 11:48:00
11:48 06 Fe Tu,1.11,11:48,6,2,Tu,2024,2024-02-06 11:48:00
11:48 06 Fe Tu,4.91,11:48,6,2,Tu,2024,2024-02-06 11:48:00
11:48 06 Fe Tu,73.41,11:48,6,2,Tu,2024,2024-02-06 11:48:00
11:48 06 Fe Tu,1.14,11:48,6,2,Tu,2024,2024-02-06 11:48:00
11:48 06 Fe Tu,23.06,11:48,6,2,Tu,2024,2024-02-06 11:48:00
11:48 06 Fe Tu,41.32,11:48,6,2,Tu,2024,2024-02-06 11:48:00
11:48 06 Fe Tu,1.15,11:48,6,2,Tu,2024,2024-02-06 11:48:00
11:48 06 Fe Tu,1.8,11:48,6,2,Tu,2024,2024-02-06 11:48:00
11:48 06 Fe Tu,1.07,11:48,6,2,Tu,2024,2024-02-06 11:48:00
11:48 06 Fe Tu,1.31,11:48,6,2,Tu,2024,2024-02-06 11:48:00
11:48 06 Fe Tu,1.16,11:48,6,2,Tu,2024,2024-02-06 11:48:00
11:48 06 Fe Tu,1.04,11:48,6,2,Tu,2024,2024-02-06 11:48:00
11:48 06 Fe Tu,28.27,11:48,6,2,Tu,2024,2024-02-06 11:48:00
11:48 06 Fe Tu,1.76,11:48,6,2,Tu,2024,2024-02-06 11:48:00
11:54 06 Fe Tu,74.26,11:54,6,2,Tu,2024,2024-02-06 11:54:00
11:54 06 Fe Tu,3.45,11:54,6,2,Tu,2024,2024-02-06 11:54:00
11:54 06 Fe Tu,1.43,11:54,6,2,Tu,2024,2024-02-06 11:54:00
11:54 06 Fe Tu,2.59,11:54,6,2,Tu,2024,2024-02-06 11:54:00
11:54 06 Fe Tu,1.17,11:54,6,2,Tu,2024,2024-02-06 11:54:00
11:54 06 Fe Tu,1.0,11:54,6,2,Tu,2024,2024-02-06 11:54:00
11:54 06 Fe Tu,3.35,11:54,6,2,Tu,2024,2024-02-06 11:54:00
11:54 06 Fe Tu,4.15,11:54,6,2,Tu,2024,2024-02-06 11:54:00
11:54 06 Fe Tu,17.31,11:54,6,2,Tu,2024,2024-02-06 11:54:00
11:54 06 Fe Tu,8.47,11:54,6,2,Tu,2024,2024-02-06 11:54:00
12:01 06 Fe Tu,1.16,12:01,6,2,Tu,2024,2024-02-06 12:01:00
12:01 06 Fe Tu,1.03,12:01,6,2,Tu,2024,2024-02-06 12:01:00
12:01 06 Fe Tu,1.24,12:01,6,2,Tu,2024,2024-02-06 12:01:00
12:01 06 Fe Tu,1.86,12:01,6,2,Tu,2024,2024-02-06 12:01:00
12:01 06 Fe Tu,2.19,12:01,6,2,Tu,2024,2024-02-06 12:01:00
12:01 06 Fe Tu,2.97,12:01,6,2,Tu,2024,2024-02-06 12:01:00
12:01 06 Fe Tu,1.18,12:01,6,2,Tu,2024,2024-02-06 12:01:00
12:01 06 Fe Tu,1.03,12:01,6,2,Tu,2024,2024-02-06 12:01:00
12:01 06 Fe Tu,1.24,12:01,6,2,Tu,2024,2024-02-06 12:01:00
12:01 06 Fe Tu,1.86,12:01,6,2,Tu,2024,2024-02-06 12:01:00
12:01 06 Fe Tu,1.18,12:01,6,2,Tu,2024,2024-02-06 12:01:00
12:01 06 Fe Tu,32.47,12:01,6,2,Tu,2024,2024-02-06 12:01:00
12:01 06 Fe Tu,1.04,12:01,6,2,Tu,2024,2024-02-06 12:01:00
12:01 06 Fe Tu,1.0,12:01,6,2,Tu,2024,2024-02-06 12:01:00
12:01 06 Fe Tu,1.39,12:01,6,2,Tu,2024,2024-02-06 12:01:00
12:01 06 Fe Tu,1.28,12:01,6,2,Tu,2024,2024-02-06 12:01:00
12:01 06 Fe Tu,1.34,12:01,6,2,Tu,2024,2024-02-06 12:01:00
12:01 06 Fe Tu,1.1,12:01,6,2,Tu,2024,2024-02-06 12:01:00
12:01 06 Fe Tu,1.41,12:01,6,2,Tu,2024,2024-02-06 12:01:00
12:01 06 Fe Tu,4.74,12:01,6,2,Tu,2024,2024-02-06 12:01:00
12:09 06 Fe Tu,3.1,12:09,6,2,Tu,2024,2024-02-06 12:09:00
12:09 06 Fe Tu,1.46,12:09,6,2,Tu,2024,2024-02-06 12:09:00
12:09 06 Fe Tu,4.73,12:09,6,2,Tu,2024,2024-02-06 12:09:00
12:09 06 Fe Tu,1.6,12:09,6,2,Tu,2024,2024-02-06 12:09:00
12:09 06 Fe Tu,2.09,12:09,6,2,Tu,2024,2024-02-06 12:09:00
12:09 06 Fe Tu,4.59,12:09,6,2,Tu,2024,2024-02-06 12:09:00
12:09 06 Fe Tu,1.7,12:09,6,2,Tu,2024,2024-02-06 12:09:00
12:09 06 Fe Tu,1.31,12:09,6,2,Tu,2024,2024-02-06 12:09:00
12:09 06 Fe Tu,4.22,12:09,6,2,Tu,2024,2024-02-06 12:09:00
12:09 06 Fe Tu,2.89,12:09,6,2,Tu,2024,2024-02-06 12:09:00
12:09 06 Fe Tu,1.09,12:09,6,2,Tu,2024,2024-02-06 12:09:00
12:09 06 Fe Tu,1.82,12:09,6,2,Tu,2024,2024-02-06 12:09:00
12:09 06 Fe Tu,2.68,12:09,6,2,Tu,2024,2024-02-06 12:09:00
12:09 06 Fe Tu,9.72,12:09,6,2,Tu,2024,2024-02-06 12:09:00
12:09 06 Fe Tu,5.8,12:09,6,2,Tu,2024,2024-02-06 12:09:00
12:09 06 Fe Tu,1.16,12:09,6,2,Tu,2024,2024-02-06 12:09:00
12:09 06 Fe Tu,1.03,12:09,6,2,Tu,2024,2024-02-06 12:09:00
12:17 06 Fe Tu,31.86,12:17,6,2,Tu,2024,2024-02-06 12:17:00
12:17 06 Fe Tu,1.0,12:17,6,2,Tu,2024,2024-02-06 12:17:00
12:17 06 Fe Tu,2.33,12:17,6,2,Tu,2024,2024-02-06 12:17:00
12:17 06 Fe Tu,1.0,12:17,6,2,Tu,2024,2024-02-06 12:17:00
12:17 06 Fe Tu,1.21,12:17,6,2,Tu,2024,2024-02-06 12:17:00
12:17 06 Fe Tu,1.04,12:17,6,2,Tu,2024,2024-02-06 12:17:00
12:17 06 Fe Tu,109.28,12:17,6,2,Tu,2024,2024-02-06 12:17:00
12:17 06 Fe Tu,5.84,12:17,6,2,Tu,2024,2024-02-06 12:17:00
12:17 06 Fe Tu,3.58,12:17,6,2,Tu,2024,2024-02-06 12:17:00
12:17 06 Fe Tu,1.42,12:17,6,2,Tu,2024,2024-02-06 12:17:00
12:17 06 Fe Tu,4.76,12:17,6,2,Tu,2024,2024-02-06 12:17:00
12:24 06 Fe Tu,3.23,12:24,6,2,Tu,2024,2024-02-06 12:24:00
12:24 06 Fe Tu,1.48,12:24,6,2,Tu,2024,2024-02-06 12:24:00
12:24 06 Fe Tu,3.43,12:24,6,2,Tu,2024,2024-02-06 12:24:00
12:24 06 Fe Tu,1.09,12:24,6,2,Tu,2024,2024-02-06 12:24:00
12:24 06 Fe Tu,2.23,12:24,6,2,Tu,2024,2024-02-06 12:24:00
12:24 06 Fe Tu,1.21,12:24,6,2,Tu,2024,2024-02-06 12:24:00
12:24 06 Fe Tu,1.11,12:24,6,2,Tu,2024,2024-02-06 12:24:00
12:24 06 Fe Tu,1.73,12:24,6,2,Tu,2024,2024-02-06 12:24:00
12:24 06 Fe Tu,1.89,12:24,6,2,Tu,2024,2024-02-06 12:24:00
12:24 06 Fe Tu,1.0,12:24,6,2,Tu,2024,2024-02-06 12:24:00
12:24 06 Fe Tu,1.52,12:24,6,2,Tu,2024,2024-02-06 12:24:00
12:24 06 Fe Tu,1.02,12:24,6,2,Tu,2024,2024-02-06 12:24:00
12:24 06 Fe Tu,1.68,12:24,6,2,Tu,2024,2024-02-06 12:24:00
12:24 06 Fe Tu,1.04,12:24,6,2,Tu,2024,2024-02-06 12:24:00
12:24 06 Fe Tu,1.57,12:24,6,2,Tu,2024,2024-02-06 12:24:00
12:24 06 Fe Tu,1.53,12:24,6,2,Tu,2024,2024-02-06 12:24:00
12:24 06 Fe Tu,1.01,12:24,6,2,Tu,2024,2024-02-06 12:24:00
12:24 06 Fe Tu,1.06,12:24,6,2,Tu,2024,2024-02-06 12:24:00
12:24 06 Fe Tu,2.73,12:24,6,2,Tu,2024,2024-02-06 12:24:00
12:24 06 Fe Tu,31.86,12:24,6,2,Tu,2024,2024-02-06 12:24:00
12:36 06 Fe Tu,9.81,12:36,6,2,Tu,2024,2024-02-06 12:36:00
12:36 06 Fe Tu,5.1,12:36,6,2,Tu,2024,2024-02-06 12:36:00
12:36 06 Fe Tu,1.02,12:36,6,2,Tu,2024,2024-02-06 12:36:00
12:36 06 Fe Tu,1.86,12:36,6,2,Tu,2024,2024-02-06 12:36:00
12:36 06 Fe Tu,2.13,12:36,6,2,Tu,2024,2024-02-06 12:36:00
12:36 06 Fe Tu,2.21,12:36,6,2,Tu,2024,2024-02-06 12:36:00
12:36 06 Fe Tu,3.95,12:36,6,2,Tu,2024,2024-02-06 12:36:00
12:36 06 Fe Tu,7.57,12:36,6,2,Tu,2024,2024-02-06 12:36:00
12:36 06 Fe Tu,1.18,12:36,6,2,Tu,2024,2024-02-06 12:36:00
12:36 06 Fe Tu,1.23,12:36,6,2,Tu,2024,2024-02-06 12:36:00
12:36 06 Fe Tu,1.68,12:36,6,2,Tu,2024,2024-02-06 12:36:00
12:36 06 Fe Tu,1.01,12:36,6,2,Tu,2024,2024-02-06 12:36:00
12:36 06 Fe Tu,1.83,12:36,6,2,Tu,2024,2024-02-06 12:36:00
12:36 06 Fe Tu,1.0,12:36,6,2,Tu,2024,2024-02-06 12:36:00
12:36 06 Fe Tu,1.45,12:36,6,2,Tu,2024,2024-02-06 12:36:00
12:36 06 Fe Tu,286.72,12:36,6,2,Tu,2024,2024-02-06 12:36:00
12:36 06 Fe Tu,1.01,12:36,6,2,Tu,2024,2024-02-06 12:36:00
12:36 06 Fe Tu,2.24,12:36,6,2,Tu,2024,2024-02-06 12:36:00
12:36 06 Fe Tu,3.1,12:36,6,2,Tu,2024,2024-02-06 12:36:00
12:36 06 Fe Tu,7.71,12:36,6,2,Tu,2024,2024-02-06 12:36:00
12:36 06 Fe Tu,23.7,12:36,6,2,Tu,2024,2024-02-06 12:36:00
12:36 06 Fe Tu,2.22,12:36,6,2,Tu,2024,2024-02-06 12:36:00
12:36 06 Fe Tu,1.12,12:36,6,2,Tu,2024,2024-02-06 12:36:00
12:36 06 Fe Tu,1.18,12:36,6,2,Tu,2024,2024-02-06 12:36:00
12:36 06 Fe Tu,2.31,12:36,6,2,Tu,2024,2024-02-06 12:36:00
12:36 06 Fe Tu,3.23,12:36,6,2,Tu,2024,2024-02-06 12:36:00
12:44 06 Fe Tu,2.02,12:44,6,2,Tu,2024,2024-02-06 12:44:00
12:44 06 Fe Tu,10.53,12:44,6,2,Tu,2024,2024-02-06 12:44:00
12:44 06 Fe Tu,2.62,12:44,6,2,Tu,2024,2024-02-06 12:44:00
12:44 06 Fe Tu,46.45,12:44,6,2,Tu,2024,2024-02-06 12:44:00
12:44 06 Fe Tu,1.02,12:44,6,2,Tu,2024,2024-02-06 12:44:00
12:44 06 Fe Tu,1.98,12:44,6,2,Tu,2024,2024-02-06 12:44:00
12:44 06 Fe Tu,32.93,12:44,6,2,Tu,2024,2024-02-06 12:44:00
12:44 06 Fe Tu,6.21,12:44,6,2,Tu,2024,2024-02-06 12:44:00
12:44 06 Fe Tu,1.2,12:44,6,2,Tu,2024,2024-02-06 12:44:00
12:44 06 Fe Tu,1.9,12:44,6,2,Tu,2024,2024-02-06 12:44:00
12:44 06 Fe Tu,1.77,12:44,6,2,Tu,2024,2024-02-06 12:44:00
12:44 06 Fe Tu,2.83,12:44,6,2,Tu,2024,2024-02-06 12:44:00
12:44 06 Fe Tu,1.23,12:44,6,2,Tu,2024,2024-02-06 12:44:00
12:56 06 Fe Tu,1.0,12:56,6,2,Tu,2024,2024-02-06 12:56:00
12:56 06 Fe Tu,1.46,12:56,6,2,Tu,2024,2024-02-06 12:56:00
12:56 06 Fe Tu,1.18,12:56,6,2,Tu,2024,2024-02-06 12:56:00
12:56 06 Fe Tu,1.09,12:56,6,2,Tu,2024,2024-02-06 12:56:00
12:56 06 Fe Tu,56.41,12:56,6,2,Tu,2024,2024-02-06 12:56:00
12:56 06 Fe Tu,1.07,12:56,6,2,Tu,2024,2024-02-06 12:56:00
12:56 06 Fe Tu,1.88,12:56,6,2,Tu,2024,2024-02-06 12:56:00
12:56 06 Fe Tu,2.55,12:56,6,2,Tu,2024,2024-02-06 12:56:00
12:56 06 Fe Tu,2.51,12:56,6,2,Tu,2024,2024-02-06 12:56:00
12:56 06 Fe Tu,1.59,12:56,6,2,Tu,2024,2024-02-06 12:56:00
12:56 06 Fe Tu,1.86,12:56,6,2,Tu,2024,2024-02-06 12:56:00
12:56 06 Fe Tu,1.04,12:56,6,2,Tu,2024,2024-02-06 12:56:00
12:56 06 Fe Tu,5.02,12:56,6,2,Tu,2024,2024-02-06 12:56:00
12:56 06 Fe Tu,4.04,12:56,6,2,Tu,2024,2024-02-06 12:56:00
12:56 06 Fe Tu,3.33,12:56,6,2,Tu,2024,2024-02-06 12:56:00
12:56 06 Fe Tu,1.13,12:56,6,2,Tu,2024,2024-02-06 12:56:00
12:56 06 Fe Tu,1.28,12:56,6,2,Tu,2024,2024-02-06 12:56:00
12:56 06 Fe Tu,4.21,12:56,6,2,Tu,2024,2024-02-06 12:56:00
12:56 06 Fe Tu,2.31,12:56,6,2,Tu,2024,2024-02-06 12:56:00
12:56 06 Fe Tu,1.17,12:56,6,2,Tu,2024,2024-02-06 12:56:00
12:56 06 Fe Tu,2.74,12:56,6,2,Tu,2024,2024-02-06 12:56:00
12:56 06 Fe Tu,1.25,12:56,6,2,Tu,2024,2024-02-06 12:56:00
12:56 06 Fe Tu,1.29,12:56,6,2,Tu,2024,2024-02-06 12:56:00
13:05 06 Fe Tu,1.68,13:05,6,2,Tu,2024,2024-02-06 13:05:00
13:05 06 Fe Tu,1.07,13:05,6,2,Tu,2024,2024-02-06 13:05:00
13:05 06 Fe Tu,5.07,13:05,6,2,Tu,2024,2024-02-06 13:05:00
13:05 06 Fe Tu,8.35,13:05,6,2,Tu,2024,2024-02-06 13:05:00
13:05 06 Fe Tu,1.06,13:05,6,2,Tu,2024,2024-02-06 13:05:00
13:05 06 Fe Tu,2.8,13:05,6,2,Tu,2024,2024-02-06 13:05:00
13:05 06 Fe Tu,1.87,13:05,6,2,Tu,2024,2024-02-06 13:05:00
13:05 06 Fe Tu,1.91,13:05,6,2,Tu,2024,2024-02-06 13:05:00
13:05 06 Fe Tu,3.04,13:05,6,2,Tu,2024,2024-02-06 13:05:00
13:05 06 Fe Tu,2.18,13:05,6,2,Tu,2024,2024-02-06 13:05:00
13:05 06 Fe Tu,2.21,13:05,6,2,Tu,2024,2024-02-06 13:05:00
13:05 06 Fe Tu,6.04,13:05,6,2,Tu,2024,2024-02-06 13:05:00
13:05 06 Fe Tu,2.2,13:05,6,2,Tu,2024,2024-02-06 13:05:00
13:05 06 Fe Tu,1.08,13:05,6,2,Tu,2024,2024-02-06 13:05:00
13:05 06 Fe Tu,6.02,13:05,6,2,Tu,2024,2024-02-06 13:05:00
13:05 06 Fe Tu,1.2,13:05,6,2,Tu,2024,2024-02-06 13:05:00
13:05 06 Fe Tu,2.2,13:05,6,2,Tu,2024,2024-02-06 13:05:00
13:05 06 Fe Tu,2.05,13:05,6,2,Tu,2024,2024-02-06 13:05:00
13:05 06 Fe Tu,1.03,13:05,6,2,Tu,2024,2024-02-06 13:05:00
13:52 06 Fe Tu,1.59,13:52,6,2,Tu,2024,2024-02-06 13:52:00
13:52 06 Fe Tu,9.68,13:52,6,2,Tu,2024,2024-02-06 13:52:00
13:52 06 Fe Tu,13.04,13:52,6,2,Tu,2024,2024-02-06 13:52:00
13:52 06 Fe Tu,1.57,13:52,6,2,Tu,2024,2024-02-06 13:52:00
13:52 06 Fe Tu,9.12,13:52,6,2,Tu,2024,2024-02-06 13:52:00
13:52 06 Fe Tu,10.81,13:52,6,2,Tu,2024,2024-02-06 13:52:00
13:52 06 Fe Tu,1.2,13:52,6,2,Tu,2024,2024-02-06 13:52:00
13:52 06 Fe Tu,1.46,13:52,6,2,Tu,2024,2024-02-06 13:52:00
13:52 06 Fe Tu,1.02,13:52,6,2,Tu,2024,2024-02-06 13:52:00
13:52 06 Fe Tu,1.34,13:52,6,2,Tu,2024,2024-02-06 13:52:00
13:52 06 Fe Tu,5.54,13:52,6,2,Tu,2024,2024-02-06 13:52:00
13:52 06 Fe Tu,1.49,13:52,6,2,Tu,2024,2024-02-06 13:52:00
13:52 06 Fe Tu,4.14,13:52,6,2,Tu,2024,2024-02-06 13:52:00
13:52 06 Fe Tu,1.36,13:52,6,2,Tu,2024,2024-02-06 13:52:00
13:52 06 Fe Tu,6.43,13:52,6,2,Tu,2024,2024-02-06 13:52:00
13:52 06 Fe Tu,1.39,13:52,6,2,Tu,2024,2024-02-06 13:52:00
13:52 06 Fe Tu,1.6,13:52,6,2,Tu,2024,2024-02-06 13:52:00
13:52 06 Fe Tu,1.34,13:52,6,2,Tu,2024,2024-02-06 13:52:00
13:52 06 Fe Tu,2.9,13:52,6,2,Tu,2024,2024-02-06 13:52:00
13:52 06 Fe Tu,4.58,13:52,6,2,Tu,2024,2024-02-06 13:52:00
13:52 06 Fe Tu,3.38,13:52,6,2,Tu,2024,2024-02-06 13:52:00
13:52 06 Fe Tu,1.61,13:52,6,2,Tu,2024,2024-02-06 13:52:00
13:52 06 Fe Tu,11.92,13:52,6,2,Tu,2024,2024-02-06 13:52:00
13:52 06 Fe Tu,1.37,13:52,6,2,Tu,2024,2024-02-06 13:52:00
14:03 06 Fe Tu,1.07,14:03,6,2,Tu,2024,2024-02-06 14:03:00
14:03 06 Fe Tu,1.92,14:03,6,2,Tu,2024,2024-02-06 14:03:00
14:03 06 Fe Tu,3.37,14:03,6,2,Tu,2024,2024-02-06 14:03:00
14:03 06 Fe Tu,2.23,14:03,6,2,Tu,2024,2024-02-06 14:03:00
14:03 06 Fe Tu,1.14,14:03,6,2,Tu,2024,2024-02-06 14:03:00
14:03 06 Fe Tu,1.34,14:03,6,2,Tu,2024,2024-02-06 14:03:00
14:03 06 Fe Tu,3.44,14:03,6,2,Tu,2024,2024-02-06 14:03:00
14:03 06 Fe Tu,1.34,14:03,6,2,Tu,2024,2024-02-06 14:03:00
14:03 06 Fe Tu,1.0,14:03,6,2,Tu,2024,2024-02-06 14:03:00
14:03 06 Fe Tu,1.27,14:03,6,2,Tu,2024,2024-02-06 14:03:00
14:03 06 Fe Tu,1.21,14:03,6,2,Tu,2024,2024-02-06 14:03:00
14:03 06 Fe Tu,1.82,14:03,6,2,Tu,2024,2024-02-06 14:03:00
14:03 06 Fe Tu,1.34,14:03,6,2,Tu,2024,2024-02-06 14:03:00
14:03 06 Fe Tu,6.12,14:03,6,2,Tu,2024,2024-02-06 14:03:00
14:03 06 Fe Tu,2.61,14:03,6,2,Tu,2024,2024-02-06 14:03:00
14:03 06 Fe Tu,1.02,14:03,6,2,Tu,2024,2024-02-06 14:03:00
14:03 06 Fe Tu,3.51,14:03,6,2,Tu,2024,2024-02-06 14:03:00
14:03 06 Fe Tu,1.62,14:03,6,2,Tu,2024,2024-02-06 14:03:00
14:03 06 Fe Tu,1.59,14:03,6,2,Tu,2024,2024-02-06 14:03:00
14:03 06 Fe Tu,1.11,14:03,6,2,Tu,2024,2024-02-06 14:03:00
14:03 06 Fe Tu,1.17,14:03,6,2,Tu,2024,2024-02-06 14:03:00
14:03 06 Fe Tu,1.12,14:03,6,2,Tu,2024,2024-02-06 14:03:00
14:03 06 Fe Tu,2.9,14:03,6,2,Tu,2024,2024-02-06 14:03:00
14:03 06 Fe Tu,2.41,14:03,6,2,Tu,2024,2024-02-06 14:03:00
14:03 06 Fe Tu,5.82,14:03,6,2,Tu,2024,2024-02-06 14:03:00
14:03 06 Fe Tu,3.6,14:03,6,2,Tu,2024,2024-02-06 14:03:00
14:03 06 Fe Tu,1.17,14:03,6,2,Tu,2024,2024-02-06 14:03:00
14:13 06 Fe Tu,3.15,14:13,6,2,Tu,2024,2024-02-06 14:13:00
14:13 06 Fe Tu,23.67,14:13,6,2,Tu,2024,2024-02-06 14:13:00
14:13 06 Fe Tu,1.22,14:13,6,2,Tu,2024,2024-02-06 14:13:00
14:13 06 Fe Tu,1.23,14:13,6,2,Tu,2024,2024-02-06 14:13:00
14:13 06 Fe Tu,1.17,14:13,6,2,Tu,2024,2024-02-06 14:13:00
14:13 06 Fe Tu,1.75,14:13,6,2,Tu,2024,2024-02-06 14:13:00
14:13 06 Fe Tu,1.26,14:13,6,2,Tu,2024,2024-02-06 14:13:00
14:13 06 Fe Tu,2.03,14:13,6,2,Tu,2024,2024-02-06 14:13:00
14:13 06 Fe Tu,1.87,14:13,6,2,Tu,2024,2024-02-06 14:13:00
14:13 06 Fe Tu,1.89,14:13,6,2,Tu,2024,2024-02-06 14:13:00
14:13 06 Fe Tu,1.67,14:13,6,2,Tu,2024,2024-02-06 14:13:00
14:13 06 Fe Tu,24.43,14:13,6,2,Tu,2024,2024-02-06 14:13:00
14:13 06 Fe Tu,1.54,14:13,6,2,Tu,2024,2024-02-06 14:13:00
14:13 06 Fe Tu,15.76,14:13,6,2,Tu,2024,2024-02-06 14:13:00
14:13 06 Fe Tu,2.95,14:13,6,2,Tu,2024,2024-02-06 14:13:00
14:13 06 Fe Tu,2.13,14:13,6,2,Tu,2024,2024-02-06 14:13:00
14:13 06 Fe Tu,9.29,14:13,6,2,Tu,2024,2024-02-06 14:13:00
14:13 06 Fe Tu,1.59,14:13,6,2,Tu,2024,2024-02-06 14:13:00
14:13 06 Fe Tu,2.4,14:13,6,2,Tu,2024,2024-02-06 14:13:00
14:13 06 Fe Tu,7.99,14:13,6,2,Tu,2024,2024-02-06 14:13:00
14:13 06 Fe Tu,1.67,14:13,6,2,Tu,2024,2024-02-06 14:13:00
19:30 06 Fe Tu,13.93,19:30,6,2,Tu,2024,2024-02-06 19:30:00
19:30 06 Fe Tu,9.55,19:30,6,2,Tu,2024,2024-02-06 19:30:00
19:30 06 Fe Tu,1.5,19:30,6,2,Tu,2024,2024-02-06 19:30:00
19:30 06 Fe Tu,1.19,19:30,6,2,Tu,2024,2024-02-06 19:30:00
19:30 06 Fe Tu,1.31,19:30,6,2,Tu,2024,2024-02-06 19:30:00
19:30 06 Fe Tu,7.84,19:30,6,2,Tu,2024,2024-02-06 19:30:00
19:30 06 Fe Tu,13.57,19:30,6,2,Tu,2024,2024-02-06 19:30:00
19:30 06 Fe Tu,1.01,19:30,6,2,Tu,2024,2024-02-06 19:30:00
19:30 06 Fe Tu,1.0,19:30,6,2,Tu,2024,2024-02-06 19:30:00
19:30 06 Fe Tu,1.21,19:30,6,2,Tu,2024,2024-02-06 19:30:00
19:30 06 Fe Tu,1.19,19:30,6,2,Tu,2024,2024-02-06 19:30:00
19:30 06 Fe Tu,1.78,19:30,6,2,Tu,2024,2024-02-06 19:30:00
19:30 06 Fe Tu,3.22,19:30,6,2,Tu,2024,2024-02-06 19:30:00
19:30 06 Fe Tu,33.9,19:30,6,2,Tu,2024,2024-02-06 19:30:00
19:30 06 Fe Tu,2.24,19:30,6,2,Tu,2024,2024-02-06 19:30:00
19:30 06 Fe Tu,3.23,19:30,6,2,Tu,2024,2024-02-06 19:30:00
19:30 06 Fe Tu,3.67,19:30,6,2,Tu,2024,2024-02-06 19:30:00
19:30 06 Fe Tu,2.73,19:30,6,2,Tu,2024,2024-02-06 19:30:00
19:30 06 Fe Tu,1.71,19:30,6,2,Tu,2024,2024-02-06 19:30:00
19:30 06 Fe Tu,1.34,19:30,6,2,Tu,2024,2024-02-06 19:30:00
19:30 06 Fe Tu,1.15,19:30,6,2,Tu,2024,2024-02-06 19:30:00
19:30 06 Fe Tu,1.56,19:30,6,2,Tu,2024,2024-02-06 19:30:00
19:30 06 Fe Tu,1.78,19:30,6,2,Tu,2024,2024-02-06 19:30:00
19:30 06 Fe Tu,1.21,19:30,6,2,Tu,2024,2024-02-06 19:30:00
19:30 06 Fe Tu,1.08,19:30,6,2,Tu,2024,2024-02-06 19:30:00
19:30 06 Fe Tu,1.57,19:30,6,2,Tu,2024,2024-02-06 19:30:00
19:30 06 Fe Tu,4.32,19:30,6,2,Tu,2024,2024-02-06 19:30:00
19:43 06 Fe Tu,51.8,19:43,6,2,Tu,2024,2024-02-06 19:43:00
19:43 06 Fe Tu,1.0,19:43,6,2,Tu,2024,2024-02-06 19:43:00
19:43 06 Fe Tu,1.0,19:43,6,2,Tu,2024,2024-02-06 19:43:00
19:43 06 Fe Tu,2.06,19:43,6,2,Tu,2024,2024-02-06 19:43:00
19:43 06 Fe Tu,3.84,19:43,6,2,Tu,2024,2024-02-06 19:43:00
19:43 06 Fe Tu,1.08,19:43,6,2,Tu,2024,2024-02-06 19:43:00
19:43 06 Fe Tu,1.63,19:43,6,2,Tu,2024,2024-02-06 19:43:00
19:43 06 Fe Tu,30.07,19:43,6,2,Tu,2024,2024-02-06 19:43:00
19:43 06 Fe Tu,1.0,19:43,6,2,Tu,2024,2024-02-06 19:43:00
19:43 06 Fe Tu,2.15,19:43,6,2,Tu,2024,2024-02-06 19:43:00
19:43 06 Fe Tu,1.27,19:43,6,2,Tu,2024,2024-02-06 19:43:00
19:43 06 Fe Tu,1.42,19:43,6,2,Tu,2024,2024-02-06 19:43:00
19:43 06 Fe Tu,1.35,19:43,6,2,Tu,2024,2024-02-06 19:43:00
19:43 06 Fe Tu,1.49,19:43,6,2,Tu,2024,2024-02-06 19:43:00
19:43 06 Fe Tu,1.1,19:43,6,2,Tu,2024,2024-02-06 19:43:00
19:43 06 Fe Tu,8.62,19:43,6,2,Tu,2024,2024-02-06 19:43:00
19:43 06 Fe Tu,1.05,19:43,6,2,Tu,2024,2024-02-06 19:43:00
19:43 06 Fe Tu,1.36,19:43,6,2,Tu,2024,2024-02-06 19:43:00
19:43 06 Fe Tu,1.36,19:43,6,2,Tu,2024,2024-02-06 19:43:00
19:43 06 Fe Tu,1.03,19:43,6,2,Tu,2024,2024-02-06 19:43:00
19:43 06 Fe Tu,3.81,19:43,6,2,Tu,2024,2024-02-06 19:43:00
19:43 06 Fe Tu,2.82,19:43,6,2,Tu,2024,2024-02-06 19:43:00
19:43 06 Fe Tu,1.52,19:43,6,2,Tu,2024,2024-02-06 19:43:00
19:43 06 Fe Tu,1.27,19:43,6,2,Tu,2024,2024-02-06 19:43:00
19:43 06 Fe Tu,1.5,19:43,6,2,Tu,2024,2024-02-06 19:43:00
19:43 06 Fe Tu,3.52,19:43,6,2,Tu,2024,2024-02-06 19:43:00
19:43 06 Fe Tu,3.57,19:43,6,2,Tu,2024,2024-02-06 19:43:00
19:53 06 Fe Tu,130.67,19:53,6,2,Tu,2024,2024-02-06 19:53:00
19:53 06 Fe Tu,1.0,19:53,6,2,Tu,2024,2024-02-06 19:53:00
19:53 06 Fe Tu,1.78,19:53,6,2,Tu,2024,2024-02-06 19:53:00
19:53 06 Fe Tu,7.55,19:53,6,2,Tu,2024,2024-02-06 19:53:00
19:53 06 Fe Tu,2.24,19:53,6,2,Tu,2024,2024-02-06 19:53:00
19:53 06 Fe Tu,1.24,19:53,6,2,Tu,2024,2024-02-06 19:53:00
19:53 06 Fe Tu,1.5,19:53,6,2,Tu,2024,2024-02-06 19:53:00
19:53 06 Fe Tu,1.31,19:53,6,2,Tu,2024,2024-02-06 19:53:00
19:53 06 Fe Tu,1.58,19:53,6,2,Tu,2024,2024-02-06 19:53:00
19:53 06 Fe Tu,5.98,19:53,6,2,Tu,2024,2024-02-06 19:53:00
19:53 06 Fe Tu,1.07,19:53,6,2,Tu,2024,2024-02-06 19:53:00
19:53 06 Fe Tu,4.55,19:53,6,2,Tu,2024,2024-02-06 19:53:00
19:53 06 Fe Tu,15.46,19:53,6,2,Tu,2024,2024-02-06 19:53:00
19:53 06 Fe Tu,51.8,19:53,6,2,Tu,2024,2024-02-06 19:53:00
19:53 06 Fe Tu,1.0,19:53,6,2,Tu,2024,2024-02-06 19:53:00
19:53 06 Fe Tu,2.15,19:53,6,2,Tu,2024,2024-02-06 19:53:00
19:53 06 Fe Tu,2.02,19:53,6,2,Tu,2024,2024-02-06 19:53:00
19:53 06 Fe Tu,3.31,19:53,6,2,Tu,2024,2024-02-06 19:53:00
19:53 06 Fe Tu,1.24,19:53,6,2,Tu,2024,2024-02-06 19:53:00
19:53 06 Fe Tu,10.18,19:53,6,2,Tu,2024,2024-02-06 19:53:00
20:08 06 Fe Tu,2.44,20:08,6,2,Tu,2024,2024-02-06 20:08:00
20:08 06 Fe Tu,50.27,20:08,6,2,Tu,2024,2024-02-06 20:08:00
20:08 06 Fe Tu,1.14,20:08,6,2,Tu,2024,2024-02-06 20:08:00
20:08 06 Fe Tu,1.5,20:08,6,2,Tu,2024,2024-02-06 20:08:00
20:08 06 Fe Tu,1.2,20:08,6,2,Tu,2024,2024-02-06 20:08:00
20:08 06 Fe Tu,1.68,20:08,6,2,Tu,2024,2024-02-06 20:08:00
20:08 06 Fe Tu,4.46,20:08,6,2,Tu,2024,2024-02-06 20:08:00
20:08 06 Fe Tu,1.51,20:08,6,2,Tu,2024,2024-02-06 20:08:00
20:08 06 Fe Tu,1.44,20:08,6,2,Tu,2024,2024-02-06 20:08:00
20:08 06 Fe Tu,1.0,20:08,6,2,Tu,2024,2024-02-06 20:08:00
20:08 06 Fe Tu,1.07,20:08,6,2,Tu,2024,2024-02-06 20:08:00
20:08 06 Fe Tu,1.88,20:08,6,2,Tu,2024,2024-02-06 20:08:00
20:08 06 Fe Tu,2.55,20:08,6,2,Tu,2024,2024-02-06 20:08:00
20:08 06 Fe Tu,2.51,20:08,6,2,Tu,2024,2024-02-06 20:08:00
20:08 06 Fe Tu,1.59,20:08,6,2,Tu,2024,2024-02-06 20:08:00
20:08 06 Fe Tu,1.86,20:08,6,2,Tu,2024,2024-02-06 20:08:00
20:08 06 Fe Tu,1.77,20:08,6,2,Tu,2024,2024-02-06 20:08:00
20:08 06 Fe Tu,2.63,20:08,6,2,Tu,2024,2024-02-06 20:08:00
20:08 06 Fe Tu,1.6,20:08,6,2,Tu,2024,2024-02-06 20:08:00
20:08 06 Fe Tu,6.62,20:08,6,2,Tu,2024,2024-02-06 20:08:00
20:08 06 Fe Tu,1.7,20:08,6,2,Tu,2024,2024-02-06 20:08:00
20:08 06 Fe Tu,4.68,20:08,6,2,Tu,2024,2024-02-06 20:08:00
20:08 06 Fe Tu,2.05,20:08,6,2,Tu,2024,2024-02-06 20:08:00
20:08 06 Fe Tu,4.19,20:08,6,2,Tu,2024,2024-02-06 20:08:00
20:08 06 Fe Tu,1.72,20:08,6,2,Tu,2024,2024-02-06 20:08:00
20:08 06 Fe Tu,1.0,20:08,6,2,Tu,2024,2024-02-06 20:08:00
20:08 06 Fe Tu,1.53,20:08,6,2,Tu,2024,2024-02-06 20:08:00
02:37 07 Fe We,1.35,02:37,7,2,We,2024,2024-02-07 02:37:00
02:37 07 Fe We,3.51,02:37,7,2,We,2024,2024-02-07 02:37:00
02:37 07 Fe We,1.0,02:37,7,2,We,2024,2024-02-07 02:37:00
02:37 07 Fe We,1.31,02:37,7,2,We,2024,2024-02-07 02:37:00
02:37 07 Fe We,1.58,02:37,7,2,We,2024,2024-02-07 02:37:00
02:37 07 Fe We,65.22,02:37,7,2,We,2024,2024-02-07 02:37:00
02:37 07 Fe We,1.5,02:37,7,2,We,2024,2024-02-07 02:37:00
02:37 07 Fe We,2.45,02:37,7,2,We,2024,2024-02-07 02:37:00
02:37 07 Fe We,2.14,02:37,7,2,We,2024,2024-02-07 02:37:00
02:37 07 Fe We,2.61,02:37,7,2,We,2024,2024-02-07 02:37:00
02:37 07 Fe We,2.25,02:37,7,2,We,2024,2024-02-07 02:37:00
02:37 07 Fe We,1.23,02:37,7,2,We,2024,2024-02-07 02:37:00
02:37 07 Fe We,1.16,02:37,7,2,We,2024,2024-02-07 02:37:00
02:37 07 Fe We,3.14,02:37,7,2,We,2024,2024-02-07 02:37:00
02:37 07 Fe We,1.99,02:37,7,2,We,2024,2024-02-07 02:37:00
02:37 07 Fe We,29.4,02:37,7,2,We,2024,2024-02-07 02:37:00
02:37 07 Fe We,1.3,02:37,7,2,We,2024,2024-02-07 02:37:00
02:37 07 Fe We,2.51,02:37,7,2,We,2024,2024-02-07 02:37:00
02:37 07 Fe We,6.42,02:37,7,2,We,2024,2024-02-07 02:37:00
02:37 07 Fe We,1.05,02:37,7,2,We,2024,2024-02-07 02:37:00
02:37 07 Fe We,1.04,02:37,7,2,We,2024,2024-02-07 02:37:00
02:37 07 Fe We,1.33,02:37,7,2,We,2024,2024-02-07 02:37:00
02:37 07 Fe We,1.69,02:37,7,2,We,2024,2024-02-07 02:37:00
02:37 07 Fe We,1.0,02:37,7,2,We,2024,2024-02-07 02:37:00
02:37 07 Fe We,1.0,02:37,7,2,We,2024,2024-02-07 02:37:00
02:37 07 Fe We,41.66,02:37,7,2,We,2024,2024-02-07 02:37:00
02:37 07 Fe We,1.25,02:37,7,2,We,2024,2024-02-07 02:37:00
02:48 07 Fe We,13.36,02:48,7,2,We,2024,2024-02-07 02:48:00
02:48 07 Fe We,1.46,02:48,7,2,We,2024,2024-02-07 02:48:00
02:48 07 Fe We,149.43,02:48,7,2,We,2024,2024-02-07 02:48:00
02:48 07 Fe We,6.75,02:48,7,2,We,2024,2024-02-07 02:48:00
02:48 07 Fe We,1.02,02:48,7,2,We,2024,2024-02-07 02:48:00
02:48 07 Fe We,1.27,02:48,7,2,We,2024,2024-02-07 02:48:00
02:48 07 Fe We,1.21,02:48,7,2,We,2024,2024-02-07 02:48:00
02:48 07 Fe We,6.7,02:48,7,2,We,2024,2024-02-07 02:48:00
02:48 07 Fe We,4.8,02:48,7,2,We,2024,2024-02-07 02:48:00
02:48 07 Fe We,1.42,02:48,7,2,We,2024,2024-02-07 02:48:00
02:48 07 Fe We,1.87,02:48,7,2,We,2024,2024-02-07 02:48:00
02:48 07 Fe We,1.51,02:48,7,2,We,2024,2024-02-07 02:48:00
02:48 07 Fe We,1.53,02:48,7,2,We,2024,2024-02-07 02:48:00
02:48 07 Fe We,1.73,02:48,7,2,We,2024,2024-02-07 02:48:00
02:48 07 Fe We,1.69,02:48,7,2,We,2024,2024-02-07 02:48:00
02:48 07 Fe We,1.32,02:48,7,2,We,2024,2024-02-07 02:48:00
02:48 07 Fe We,3.09,02:48,7,2,We,2024,2024-02-07 02:48:00
02:48 07 Fe We,1.19,02:48,7,2,We,2024,2024-02-07 02:48:00
02:48 07 Fe We,1.73,02:48,7,2,We,2024,2024-02-07 02:48:00
02:48 07 Fe We,1.22,02:48,7,2,We,2024,2024-02-07 02:48:00
02:48 07 Fe We,3.13,02:48,7,2,We,2024,2024-02-07 02:48:00
02:48 07 Fe We,27.48,02:48,7,2,We,2024,2024-02-07 02:48:00
02:48 07 Fe We,4.52,02:48,7,2,We,2024,2024-02-07 02:48:00
02:48 07 Fe We,2.32,02:48,7,2,We,2024,2024-02-07 02:48:00
02:48 07 Fe We,1.2,02:48,7,2,We,2024,2024-02-07 02:48:00
02:48 07 Fe We,1.18,02:48,7,2,We,2024,2024-02-07 02:48:00
02:48 07 Fe We,1.35,02:48,7,2,We,2024,2024-02-07 02:48:00
02:48 07 Fe We,3.51,02:48,7,2,We,2024,2024-02-07 02:48:00
03:00 07 Fe We,1.05,03:00,7,2,We,2024,2024-02-07 03:00:00
03:00 07 Fe We,1.49,03:00,7,2,We,2024,2024-02-07 03:00:00
03:00 07 Fe We,1.75,03:00,7,2,We,2024,2024-02-07 03:00:00
03:00 07 Fe We,1.88,03:00,7,2,We,2024,2024-02-07 03:00:00
03:00 07 Fe We,2.6,03:00,7,2,We,2024,2024-02-07 03:00:00
03:00 07 Fe We,1.0,03:00,7,2,We,2024,2024-02-07 03:00:00
03:00 07 Fe We,1.54,03:00,7,2,We,2024,2024-02-07 03:00:00
03:00 07 Fe We,3.4,03:00,7,2,We,2024,2024-02-07 03:00:00
03:00 07 Fe We,1.27,03:00,7,2,We,2024,2024-02-07 03:00:00
03:00 07 Fe We,1.18,03:00,7,2,We,2024,2024-02-07 03:00:00
03:00 07 Fe We,1.0,03:00,7,2,We,2024,2024-02-07 03:00:00
03:00 07 Fe We,3.33,03:00,7,2,We,2024,2024-02-07 03:00:00
03:00 07 Fe We,1.03,03:00,7,2,We,2024,2024-02-07 03:00:00
03:00 07 Fe We,3.5,03:00,7,2,We,2024,2024-02-07 03:00:00
03:00 07 Fe We,2.26,03:00,7,2,We,2024,2024-02-07 03:00:00
03:00 07 Fe We,3.14,03:00,7,2,We,2024,2024-02-07 03:00:00
03:00 07 Fe We,1.1,03:00,7,2,We,2024,2024-02-07 03:00:00
03:00 07 Fe We,4.12,03:00,7,2,We,2024,2024-02-07 03:00:00
03:00 07 Fe We,1.12,03:00,7,2,We,2024,2024-02-07 03:00:00
03:00 07 Fe We,5.62,03:00,7,2,We,2024,2024-02-07 03:00:00
03:00 07 Fe We,6.11,03:00,7,2,We,2024,2024-02-07 03:00:00
03:00 07 Fe We,1.98,03:00,7,2,We,2024,2024-02-07 03:00:00
03:00 07 Fe We,1.49,03:00,7,2,We,2024,2024-02-07 03:00:00
03:00 07 Fe We,1.21,03:00,7,2,We,2024,2024-02-07 03:00:00
03:00 07 Fe We,2.37,03:00,7,2,We,2024,2024-02-07 03:00:00
03:00 07 Fe We,1.17,03:00,7,2,We,2024,2024-02-07 03:00:00
03:00 07 Fe We,1.16,03:00,7,2,We,2024,2024-02-07 03:00:00
03:08 07 Fe We,6.06,03:08,7,2,We,2024,2024-02-07 03:08:00
03:08 07 Fe We,2.74,03:08,7,2,We,2024,2024-02-07 03:08:00
03:08 07 Fe We,3.41,03:08,7,2,We,2024,2024-02-07 03:08:00
03:08 07 Fe We,1.62,03:08,7,2,We,2024,2024-02-07 03:08:00
03:08 07 Fe We,17.57,03:08,7,2,We,2024,2024-02-07 03:08:00
03:08 07 Fe We,1.04,03:08,7,2,We,2024,2024-02-07 03:08:00
03:08 07 Fe We,1.0,03:08,7,2,We,2024,2024-02-07 03:08:00
03:08 07 Fe We,2.19,03:08,7,2,We,2024,2024-02-07 03:08:00
03:08 07 Fe We,1.01,03:08,7,2,We,2024,2024-02-07 03:08:00
03:08 07 Fe We,1.01,03:08,7,2,We,2024,2024-02-07 03:08:00
03:08 07 Fe We,1.0,03:08,7,2,We,2024,2024-02-07 03:08:00
03:08 07 Fe We,50.6,03:08,7,2,We,2024,2024-02-07 03:08:00
03:08 07 Fe We,2.5,03:08,7,2,We,2024,2024-02-07 03:08:00
03:08 07 Fe We,84.84,03:08,7,2,We,2024,2024-02-07 03:08:00
03:08 07 Fe We,2.32,03:08,7,2,We,2024,2024-02-07 03:08:00
03:08 07 Fe We,1.05,03:08,7,2,We,2024,2024-02-07 03:08:00
03:08 07 Fe We,1.54,03:08,7,2,We,2024,2024-02-07 03:08:00
07:24 07 Fe We,1.25,07:24,7,2,We,2024,2024-02-07 07:24:00
07:24 07 Fe We,1.09,07:24,7,2,We,2024,2024-02-07 07:24:00
07:24 07 Fe We,9.1,07:24,7,2,We,2024,2024-02-07 07:24:00
07:24 07 Fe We,1.4,07:24,7,2,We,2024,2024-02-07 07:24:00
07:24 07 Fe We,1.51,07:24,7,2,We,2024,2024-02-07 07:24:00
07:24 07 Fe We,1.25,07:24,7,2,We,2024,2024-02-07 07:24:00
07:24 07 Fe We,3.31,07:24,7,2,We,2024,2024-02-07 07:24:00
07:24 07 Fe We,2.98,07:24,7,2,We,2024,2024-02-07 07:24:00
07:24 07 Fe We,2.24,07:24,7,2,We,2024,2024-02-07 07:24:00
07:24 07 Fe We,7.41,07:24,7,2,We,2024,2024-02-07 07:24:00
07:24 07 Fe We,1.76,07:24,7,2,We,2024,2024-02-07 07:24:00
07:24 07 Fe We,3.76,07:24,7,2,We,2024,2024-02-07 07:24:00
07:24 07 Fe We,1.24,07:24,7,2,We,2024,2024-02-07 07:24:00
07:24 07 Fe We,2.28,07:24,7,2,We,2024,2024-02-07 07:24:00
07:24 07 Fe We,1.13,07:24,7,2,We,2024,2024-02-07 07:24:00
07:24 07 Fe We,1.25,07:24,7,2,We,2024,2024-02-07 07:24:00
07:24 07 Fe We,32.89,07:24,7,2,We,2024,2024-02-07 07:24:00
07:24 07 Fe We,1.58,07:24,7,2,We,2024,2024-02-07 07:24:00
07:24 07 Fe We,1.24,07:24,7,2,We,2024,2024-02-07 07:24:00
07:24 07 Fe We,4.92,07:24,7,2,We,2024,2024-02-07 07:24:00
07:24 07 Fe We,2.03,07:24,7,2,We,2024,2024-02-07 07:24:00
07:24 07 Fe We,2.31,07:24,7,2,We,2024,2024-02-07 07:24:00
07:24 07 Fe We,1.0,07:24,7,2,We,2024,2024-02-07 07:24:00
07:24 07 Fe We,2.64,07:24,7,2,We,2024,2024-02-07 07:24:00
07:24 07 Fe We,1.2,07:24,7,2,We,2024,2024-02-07 07:24:00
07:24 07 Fe We,1.21,07:24,7,2,We,2024,2024-02-07 07:24:00
07:24 07 Fe We,40.21,07:24,7,2,We,2024,2024-02-07 07:24:00
07:24 07 Fe We,1.92,07:24,7,2,We,2024,2024-02-07 07:24:00
07:24 07 Fe We,16.56,07:24,7,2,We,2024,2024-02-07 07:24:00
07:24 07 Fe We,14.16,07:24,7,2,We,2024,2024-02-07 07:24:00
07:24 07 Fe We,5.17,07:24,7,2,We,2024,2024-02-07 07:24:00
07:33 07 Fe We,14.51,07:33,7,2,We,2024,2024-02-07 07:33:00
07:33 07 Fe We,1.17,07:33,7,2,We,2024,2024-02-07 07:33:00
07:33 07 Fe We,1.0,07:33,7,2,We,2024,2024-02-07 07:33:00
07:33 07 Fe We,1.55,07:33,7,2,We,2024,2024-02-07 07:33:00
07:33 07 Fe We,2.75,07:33,7,2,We,2024,2024-02-07 07:33:00
07:33 07 Fe We,1.91,07:33,7,2,We,2024,2024-02-07 07:33:00
07:33 07 Fe We,6.48,07:33,7,2,We,2024,2024-02-07 07:33:00
07:33 07 Fe We,1.11,07:33,7,2,We,2024,2024-02-07 07:33:00
07:33 07 Fe We,3.65,07:33,7,2,We,2024,2024-02-07 07:33:00
07:33 07 Fe We,1.25,07:33,7,2,We,2024,2024-02-07 07:33:00
07:33 07 Fe We,3.79,07:33,7,2,We,2024,2024-02-07 07:33:00
07:33 07 Fe We,5.88,07:33,7,2,We,2024,2024-02-07 07:33:00
07:33 07 Fe We,1.48,07:33,7,2,We,2024,2024-02-07 07:33:00
07:33 07 Fe We,1.86,07:33,7,2,We,2024,2024-02-07 07:33:00
07:33 07 Fe We,3.21,07:33,7,2,We,2024,2024-02-07 07:33:00
07:33 07 Fe We,2.54,07:33,7,2,We,2024,2024-02-07 07:33:00
07:33 07 Fe We,1.52,07:33,7,2,We,2024,2024-02-07 07:33:00
07:33 07 Fe We,77.94,07:33,7,2,We,2024,2024-02-07 07:33:00
07:33 07 Fe We,1.39,07:33,7,2,We,2024,2024-02-07 07:33:00
07:33 07 Fe We,4.1,07:33,7,2,We,2024,2024-02-07 07:33:00
07:33 07 Fe We,1.08,07:33,7,2,We,2024,2024-02-07 07:33:00
07:47 07 Fe We,1.14,07:47,7,2,We,2024,2024-02-07 07:47:00
07:47 07 Fe We,1.49,07:47,7,2,We,2024,2024-02-07 07:47:00
07:47 07 Fe We,1.76,07:47,7,2,We,2024,2024-02-07 07:47:00
07:47 07 Fe We,3.4,07:47,7,2,We,2024,2024-02-07 07:47:00
07:47 07 Fe We,1.37,07:47,7,2,We,2024,2024-02-07 07:47:00
07:47 07 Fe We,2.25,07:47,7,2,We,2024,2024-02-07 07:47:00
07:47 07 Fe We,1.47,07:47,7,2,We,2024,2024-02-07 07:47:00
07:47 07 Fe We,1.16,07:47,7,2,We,2024,2024-02-07 07:47:00
07:47 07 Fe We,1.0,07:47,7,2,We,2024,2024-02-07 07:47:00
07:47 07 Fe We,1.11,07:47,7,2,We,2024,2024-02-07 07:47:00
07:47 07 Fe We,1.95,07:47,7,2,We,2024,2024-02-07 07:47:00
07:47 07 Fe We,1.0,07:47,7,2,We,2024,2024-02-07 07:47:00
07:47 07 Fe We,4.21,07:47,7,2,We,2024,2024-02-07 07:47:00
07:47 07 Fe We,13.27,07:47,7,2,We,2024,2024-02-07 07:47:00
07:47 07 Fe We,1.05,07:47,7,2,We,2024,2024-02-07 07:47:00
07:47 07 Fe We,1.21,07:47,7,2,We,2024,2024-02-07 07:47:00
07:47 07 Fe We,1.52,07:47,7,2,We,2024,2024-02-07 07:47:00
07:47 07 Fe We,1.5,07:47,7,2,We,2024,2024-02-07 07:47:00
07:47 07 Fe We,1.95,07:47,7,2,We,2024,2024-02-07 07:47:00
07:47 07 Fe We,10.18,07:47,7,2,We,2024,2024-02-07 07:47:00
07:47 07 Fe We,8.78,07:47,7,2,We,2024,2024-02-07 07:47:00
07:47 07 Fe We,1.01,07:47,7,2,We,2024,2024-02-07 07:47:00
07:47 07 Fe We,1.64,07:47,7,2,We,2024,2024-02-07 07:47:00
07:47 07 Fe We,1.05,07:47,7,2,We,2024,2024-02-07 07:47:00
07:47 07 Fe We,32.76,07:47,7,2,We,2024,2024-02-07 07:47:00
07:47 07 Fe We,2.6,07:47,7,2,We,2024,2024-02-07 07:47:00
07:47 07 Fe We,1.5,07:47,7,2,We,2024,2024-02-07 07:47:00
07:47 07 Fe We,1.08,07:47,7,2,We,2024,2024-02-07 07:47:00
07:47 07 Fe We,4.95,07:47,7,2,We,2024,2024-02-07 07:47:00
07:47 07 Fe We,1.07,07:47,7,2,We,2024,2024-02-07 07:47:00
07:47 07 Fe We,1.03,07:47,7,2,We,2024,2024-02-07 07:47:00
07:47 07 Fe We,1.23,07:47,7,2,We,2024,2024-02-07 07:47:00
07:47 07 Fe We,1.11,07:47,7,2,We,2024,2024-02-07 07:47:00
07:56 07 Fe We,1.43,07:56,7,2,We,2024,2024-02-07 07:56:00
07:56 07 Fe We,1.48,07:56,7,2,We,2024,2024-02-07 07:56:00
07:56 07 Fe We,1.12,07:56,7,2,We,2024,2024-02-07 07:56:00
07:56 07 Fe We,2.24,07:56,7,2,We,2024,2024-02-07 07:56:00
07:56 07 Fe We,2.21,07:56,7,2,We,2024,2024-02-07 07:56:00
07:56 07 Fe We,6.94,07:56,7,2,We,2024,2024-02-07 07:56:00
07:56 07 Fe We,1.0,07:56,7,2,We,2024,2024-02-07 07:56:00
07:56 07 Fe We,1.99,07:56,7,2,We,2024,2024-02-07 07:56:00
07:56 07 Fe We,1.14,07:56,7,2,We,2024,2024-02-07 07:56:00
07:56 07 Fe We,1.0,07:56,7,2,We,2024,2024-02-07 07:56:00
07:56 07 Fe We,2.68,07:56,7,2,We,2024,2024-02-07 07:56:00
07:56 07 Fe We,2.71,07:56,7,2,We,2024,2024-02-07 07:56:00
07:56 07 Fe We,3.42,07:56,7,2,We,2024,2024-02-07 07:56:00
07:56 07 Fe We,1.38,07:56,7,2,We,2024,2024-02-07 07:56:00
07:56 07 Fe We,66.57,07:56,7,2,We,2024,2024-02-07 07:56:00
07:56 07 Fe We,2.32,07:56,7,2,We,2024,2024-02-07 07:56:00
07:56 07 Fe We,1.06,07:56,7,2,We,2024,2024-02-07 07:56:00
07:56 07 Fe We,5.04,07:56,7,2,We,2024,2024-02-07 07:56:00
07:56 07 Fe We,1.16,07:56,7,2,We,2024,2024-02-07 07:56:00
07:56 07 Fe We,5.01,07:56,7,2,We,2024,2024-02-07 07:56:00
07:56 07 Fe We,1.14,07:56,7,2,We,2024,2024-02-07 07:56:00
07:59 07 Fe We,1.1,07:59,7,2,We,2024,2024-02-07 07:59:00
07:59 07 Fe We,3.17,07:59,7,2,We,2024,2024-02-07 07:59:00
07:59 07 Fe We,1.19,07:59,7,2,We,2024,2024-02-07 07:59:00
07:59 07 Fe We,1.86,07:59,7,2,We,2024,2024-02-07 07:59:00
07:59 07 Fe We,1.28,07:59,7,2,We,2024,2024-02-07 07:59:00
07:59 07 Fe We,1.04,07:59,7,2,We,2024,2024-02-07 07:59:00
07:59 07 Fe We,2.07,07:59,7,2,We,2024,2024-02-07 07:59:00
07:59 07 Fe We,1.09,07:59,7,2,We,2024,2024-02-07 07:59:00
07:59 07 Fe We,9.34,07:59,7,2,We,2024,2024-02-07 07:59:00
07:59 07 Fe We,1.04,07:59,7,2,We,2024,2024-02-07 07:59:00
07:59 07 Fe We,2.27,07:59,7,2,We,2024,2024-02-07 07:59:00
07:59 07 Fe We,1.06,07:59,7,2,We,2024,2024-02-07 07:59:00
08:06 07 Fe We,1.04,08:06,7,2,We,2024,2024-02-07 08:06:00
08:06 07 Fe We,1.09,08:06,7,2,We,2024,2024-02-07 08:06:00
08:06 07 Fe We,4.39,08:06,7,2,We,2024,2024-02-07 08:06:00
08:06 07 Fe We,1.14,08:06,7,2,We,2024,2024-02-07 08:06:00
08:06 07 Fe We,41.18,08:06,7,2,We,2024,2024-02-07 08:06:00
08:06 07 Fe We,2.63,08:06,7,2,We,2024,2024-02-07 08:06:00
08:06 07 Fe We,3.16,08:06,7,2,We,2024,2024-02-07 08:06:00
08:06 07 Fe We,10.54,08:06,7,2,We,2024,2024-02-07 08:06:00
08:06 07 Fe We,1.73,08:06,7,2,We,2024,2024-02-07 08:06:00
08:06 07 Fe We,1.48,08:06,7,2,We,2024,2024-02-07 08:06:00
08:06 07 Fe We,1.5,08:06,7,2,We,2024,2024-02-07 08:06:00
08:06 07 Fe We,34.33,08:06,7,2,We,2024,2024-02-07 08:06:00
08:06 07 Fe We,30.99,08:06,7,2,We,2024,2024-02-07 08:06:00
08:06 07 Fe We,1.77,08:06,7,2,We,2024,2024-02-07 08:06:00
08:06 07 Fe We,2.07,08:06,7,2,We,2024,2024-02-07 08:06:00
08:09 07 Fe We,1.81,08:09,7,2,We,2024,2024-02-07 08:09:00
08:09 07 Fe We,2.35,08:09,7,2,We,2024,2024-02-07 08:09:00
08:09 07 Fe We,2.62,08:09,7,2,We,2024,2024-02-07 08:09:00
08:09 07 Fe We,1.01,08:09,7,2,We,2024,2024-02-07 08:09:00
08:09 07 Fe We,2.97,08:09,7,2,We,2024,2024-02-07 08:09:00
08:09 07 Fe We,3.31,08:09,7,2,We,2024,2024-02-07 08:09:00
08:09 07 Fe We,3.26,08:09,7,2,We,2024,2024-02-07 08:09:00
08:09 07 Fe We,2.2,08:09,7,2,We,2024,2024-02-07 08:09:00
08:09 07 Fe We,1.04,08:09,7,2,We,2024,2024-02-07 08:09:00
08:09 07 Fe We,1.26,08:09,7,2,We,2024,2024-02-07 08:09:00
08:09 07 Fe We,1.65,08:09,7,2,We,2024,2024-02-07 08:09:00
08:09 07 Fe We,1.98,08:09,7,2,We,2024,2024-02-07 08:09:00
08:09 07 Fe We,14.83,08:09,7,2,We,2024,2024-02-07 08:09:00
08:09 07 Fe We,2.55,08:09,7,2,We,2024,2024-02-07 08:09:00
08:09 07 Fe We,1.03,08:09,7,2,We,2024,2024-02-07 08:09:00
08:20 07 Fe We,34.5,08:20,7,2,We,2024,2024-02-07 08:20:00
08:20 07 Fe We,3.49,08:20,7,2,We,2024,2024-02-07 08:20:00
08:20 07 Fe We,3.03,08:20,7,2,We,2024,2024-02-07 08:20:00
08:20 07 Fe We,1.07,08:20,7,2,We,2024,2024-02-07 08:20:00
08:20 07 Fe We,2.03,08:20,7,2,We,2024,2024-02-07 08:20:00
08:20 07 Fe We,1.05,08:20,7,2,We,2024,2024-02-07 08:20:00
08:20 07 Fe We,1.54,08:20,7,2,We,2024,2024-02-07 08:20:00
08:20 07 Fe We,3.35,08:20,7,2,We,2024,2024-02-07 08:20:00
08:20 07 Fe We,2.07,08:20,7,2,We,2024,2024-02-07 08:20:00
08:20 07 Fe We,2.55,08:20,7,2,We,2024,2024-02-07 08:20:00
08:20 07 Fe We,1.36,08:20,7,2,We,2024,2024-02-07 08:20:00
08:20 07 Fe We,1.09,08:20,7,2,We,2024,2024-02-07 08:20:00
08:20 07 Fe We,1.55,08:20,7,2,We,2024,2024-02-07 08:20:00
08:20 07 Fe We,1.81,08:20,7,2,We,2024,2024-02-07 08:20:00
08:20 07 Fe We,1.0,08:20,7,2,We,2024,2024-02-07 08:20:00
08:20 07 Fe We,12.87,08:20,7,2,We,2024,2024-02-07 08:20:00
08:20 07 Fe We,1.09,08:20,7,2,We,2024,2024-02-07 08:20:00
08:20 07 Fe We,1.08,08:20,7,2,We,2024,2024-02-07 08:20:00
08:20 07 Fe We,1.6,08:20,7,2,We,2024,2024-02-07 08:20:00
08:20 07 Fe We,2.4,08:20,7,2,We,2024,2024-02-07 08:20:00
08:20 07 Fe We,2.12,08:20,7,2,We,2024,2024-02-07 08:20:00
08:23 07 Fe We,32.27,08:23,7,2,We,2024,2024-02-07 08:23:00
08:23 07 Fe We,1.11,08:23,7,2,We,2024,2024-02-07 08:23:00
08:23 07 Fe We,1.21,08:23,7,2,We,2024,2024-02-07 08:23:00
08:23 07 Fe We,6.14,08:23,7,2,We,2024,2024-02-07 08:23:00
08:23 07 Fe We,3.4,08:23,7,2,We,2024,2024-02-07 08:23:00
08:30 07 Fe We,13.52,08:30,7,2,We,2024,2024-02-07 08:30:00
08:30 07 Fe We,1.2,08:30,7,2,We,2024,2024-02-07 08:30:00
08:30 07 Fe We,1.68,08:30,7,2,We,2024,2024-02-07 08:30:00
08:30 07 Fe We,2.89,08:30,7,2,We,2024,2024-02-07 08:30:00
08:30 07 Fe We,1.41,08:30,7,2,We,2024,2024-02-07 08:30:00
08:30 07 Fe We,12.37,08:30,7,2,We,2024,2024-02-07 08:30:00
08:30 07 Fe We,5.91,08:30,7,2,We,2024,2024-02-07 08:30:00
08:30 07 Fe We,2.52,08:30,7,2,We,2024,2024-02-07 08:30:00
08:30 07 Fe We,3.99,08:30,7,2,We,2024,2024-02-07 08:30:00
08:30 07 Fe We,1.68,08:30,7,2,We,2024,2024-02-07 08:30:00
08:30 07 Fe We,2.06,08:30,7,2,We,2024,2024-02-07 08:30:00
08:30 07 Fe We,4.5,08:30,7,2,We,2024,2024-02-07 08:30:00
08:30 07 Fe We,1.61,08:30,7,2,We,2024,2024-02-07 08:30:00
08:30 07 Fe We,3.09,08:30,7,2,We,2024,2024-02-07 08:30:00
08:30 07 Fe We,5.35,08:30,7,2,We,2024,2024-02-07 08:30:00
08:30 07 Fe We,1.38,08:30,7,2,We,2024,2024-02-07 08:30:00
12:06 07 Fe We,1.36,12:06,7,2,We,2024,2024-02-07 12:06:00
12:06 07 Fe We,13.68,12:06,7,2,We,2024,2024-02-07 12:06:00
12:06 07 Fe We,1.58,12:06,7,2,We,2024,2024-02-07 12:06:00
12:06 07 Fe We,3.35,12:06,7,2,We,2024,2024-02-07 12:06:00
12:06 07 Fe We,1.19,12:06,7,2,We,2024,2024-02-07 12:06:00
12:06 07 Fe We,1.4,12:06,7,2,We,2024,2024-02-07 12:06:00
12:06 07 Fe We,12.39,12:06,7,2,We,2024,2024-02-07 12:06:00
12:06 07 Fe We,2.16,12:06,7,2,We,2024,2024-02-07 12:06:00
12:06 07 Fe We,1.64,12:06,7,2,We,2024,2024-02-07 12:06:00
12:06 07 Fe We,1.41,12:06,7,2,We,2024,2024-02-07 12:06:00
12:06 07 Fe We,1.39,12:06,7,2,We,2024,2024-02-07 12:06:00
12:06 07 Fe We,1.26,12:06,7,2,We,2024,2024-02-07 12:06:00
12:06 07 Fe We,32.16,12:06,7,2,We,2024,2024-02-07 12:06:00
12:06 07 Fe We,1.0,12:06,7,2,We,2024,2024-02-07 12:06:00
12:06 07 Fe We,1.21,12:06,7,2,We,2024,2024-02-07 12:06:00
12:06 07 Fe We,2.99,12:06,7,2,We,2024,2024-02-07 12:06:00
12:06 07 Fe We,1.51,12:06,7,2,We,2024,2024-02-07 12:06:00
12:06 07 Fe We,4.47,12:06,7,2,We,2024,2024-02-07 12:06:00
12:06 07 Fe We,2.73,12:06,7,2,We,2024,2024-02-07 12:06:00
12:06 07 Fe We,1.72,12:06,7,2,We,2024,2024-02-07 12:06:00
12:06 07 Fe We,1.07,12:06,7,2,We,2024,2024-02-07 12:06:00
12:06 07 Fe We,1.25,12:06,7,2,We,2024,2024-02-07 12:06:00
12:06 07 Fe We,2.74,12:06,7,2,We,2024,2024-02-07 12:06:00
12:06 07 Fe We,2.6,12:06,7,2,We,2024,2024-02-07 12:06:00
12:06 07 Fe We,3.29,12:06,7,2,We,2024,2024-02-07 12:06:00
12:06 07 Fe We,3.57,12:06,7,2,We,2024,2024-02-07 12:06:00
12:26 07 Fe We,8.1,12:26,7,2,We,2024,2024-02-07 12:26:00
12:26 07 Fe We,3.0,12:26,7,2,We,2024,2024-02-07 12:26:00
12:26 07 Fe We,1.71,12:26,7,2,We,2024,2024-02-07 12:26:00
12:26 07 Fe We,8.83,12:26,7,2,We,2024,2024-02-07 12:26:00
12:26 07 Fe We,1.74,12:26,7,2,We,2024,2024-02-07 12:26:00
12:26 07 Fe We,4.72,12:26,7,2,We,2024,2024-02-07 12:26:00
12:26 07 Fe We,8.98,12:26,7,2,We,2024,2024-02-07 12:26:00
12:26 07 Fe We,1.0,12:26,7,2,We,2024,2024-02-07 12:26:00
12:26 07 Fe We,2.57,12:26,7,2,We,2024,2024-02-07 12:26:00
12:26 07 Fe We,1.45,12:26,7,2,We,2024,2024-02-07 12:26:00
12:26 07 Fe We,1.19,12:26,7,2,We,2024,2024-02-07 12:26:00
12:26 07 Fe We,1.43,12:26,7,2,We,2024,2024-02-07 12:26:00
12:26 07 Fe We,3.45,12:26,7,2,We,2024,2024-02-07 12:26:00
12:26 07 Fe We,2.87,12:26,7,2,We,2024,2024-02-07 12:26:00
12:26 07 Fe We,1.82,12:26,7,2,We,2024,2024-02-07 12:26:00
12:26 07 Fe We,1.72,12:26,7,2,We,2024,2024-02-07 12:26:00
12:26 07 Fe We,25.68,12:26,7,2,We,2024,2024-02-07 12:26:00
12:26 07 Fe We,2.94,12:26,7,2,We,2024,2024-02-07 12:26:00
12:26 07 Fe We,1.14,12:26,7,2,We,2024,2024-02-07 12:26:00
12:26 07 Fe We,6.34,12:26,7,2,We,2024,2024-02-07 12:26:00
12:26 07 Fe We,8.33,12:26,7,2,We,2024,2024-02-07 12:26:00
12:26 07 Fe We,6.69,12:26,7,2,We,2024,2024-02-07 12:26:00
12:26 07 Fe We,1.14,12:26,7,2,We,2024,2024-02-07 12:26:00
12:34 07 Fe We,1.6,12:34,7,2,We,2024,2024-02-07 12:34:00
12:34 07 Fe We,2.05,12:34,7,2,We,2024,2024-02-07 12:34:00
12:34 07 Fe We,42.68,12:34,7,2,We,2024,2024-02-07 12:34:00
12:34 07 Fe We,1.08,12:34,7,2,We,2024,2024-02-07 12:34:00
12:34 07 Fe We,2.9,12:34,7,2,We,2024,2024-02-07 12:34:00
12:34 07 Fe We,41.83,12:34,7,2,We,2024,2024-02-07 12:34:00
12:34 07 Fe We,9.75,12:34,7,2,We,2024,2024-02-07 12:34:00
12:34 07 Fe We,1.05,12:34,7,2,We,2024,2024-02-07 12:34:00
12:34 07 Fe We,1.32,12:34,7,2,We,2024,2024-02-07 12:34:00
12:34 07 Fe We,29.67,12:34,7,2,We,2024,2024-02-07 12:34:00
12:34 07 Fe We,5.31,12:34,7,2,We,2024,2024-02-07 12:34:00
12:56 07 Fe We,162.11,12:56,7,2,We,2024,2024-02-07 12:56:00
12:56 07 Fe We,1.63,12:56,7,2,We,2024,2024-02-07 12:56:00
12:56 07 Fe We,5.73,12:56,7,2,We,2024,2024-02-07 12:56:00
12:56 07 Fe We,2.02,12:56,7,2,We,2024,2024-02-07 12:56:00
12:56 07 Fe We,1.68,12:56,7,2,We,2024,2024-02-07 12:56:00
12:56 07 Fe We,1.48,12:56,7,2,We,2024,2024-02-07 12:56:00
12:56 07 Fe We,1.0,12:56,7,2,We,2024,2024-02-07 12:56:00
12:56 07 Fe We,3.07,12:56,7,2,We,2024,2024-02-07 12:56:00
12:56 07 Fe We,16.17,12:56,7,2,We,2024,2024-02-07 12:56:00
12:56 07 Fe We,1.04,12:56,7,2,We,2024,2024-02-07 12:56:00
12:56 07 Fe We,1.12,12:56,7,2,We,2024,2024-02-07 12:56:00
12:56 07 Fe We,2.31,12:56,7,2,We,2024,2024-02-07 12:56:00
12:56 07 Fe We,1.27,12:56,7,2,We,2024,2024-02-07 12:56:00
12:56 07 Fe We,1.71,12:56,7,2,We,2024,2024-02-07 12:56:00
12:56 07 Fe We,1.66,12:56,7,2,We,2024,2024-02-07 12:56:00
12:56 07 Fe We,2.9,12:56,7,2,We,2024,2024-02-07 12:56:00
12:56 07 Fe We,2.39,12:56,7,2,We,2024,2024-02-07 12:56:00
12:56 07 Fe We,3.21,12:56,7,2,We,2024,2024-02-07 12:56:00
12:56 07 Fe We,9.01,12:56,7,2,We,2024,2024-02-07 12:56:00
12:56 07 Fe We,2.43,12:56,7,2,We,2024,2024-02-07 12:56:00
12:56 07 Fe We,1.11,12:56,7,2,We,2024,2024-02-07 12:56:00
12:56 07 Fe We,1.23,12:56,7,2,We,2024,2024-02-07 12:56:00
